60to90,40to60,20to40,20to40,risk
0.01523539873051083,0.03297782511571701,0.13491665291521618,0.21754121319381714,low
0.265512445764099,0.07648712674386876,0.009307166982822053,0.1595424217160438,medium
0.10467464676916095,0.037436864377824015,0.28440882490575625,0.21450007635717588,medium
0.04560122183426141,0.4514115576431639,0.14977352965875546,0.020263916472072298,medium
0.00629237695162236,0.02123430329732669,0.0796174638776842,0.02320121005520992,low
0.0285267380959114,0.07526492710184182,0.000834804935477797,0.228580091363138,low
0.2722508292511789,0.04681569716863907,0.22731341698836618,0.44028437689697947,high
0.24880958597146766,0.04456612864840061,0.13175694581394812,0.35740581440639685,high
0.12360182297517512,0.267922811641949,0.10506059161242601,0.02511777375299723,medium
0.036215392928246125,0.2928295206088509,9.868153771090626e-05,0.3505419672653986,medium
0.04775105461658487,0.05767023617313646,0.08923918652929405,0.2831551922764651,low
0.00043407407757926116,0.10720119862472363,0.056158044545792145,0.02038551912957831,low
0.282861851312971,0.301737062754735,0.07196791965438916,0.09330225473206134,high
0.00040463477980187456,0.34634885106173396,0.061229073562810585,0.05016985813169975,low
0.11567104062134499,0.05247662880064722,0.3150142152951726,0.07142427304881105,medium
0.12482981619891488,0.16934137541032115,0.1347768437652732,0.056610004801820525,low
0.18686975255342933,0.03583657777824337,0.17671457445019373,0.046499645530882996,low
0.04930777042228214,0.06589977940017314,0.12527181413376384,0.04743413930890407,low
0.05921338737467695,0.0975200511736442,0.3962169887123478,0.19402563132533424,high
0.11039973675005653,0.012030555782559828,0.025728549074143434,0.43900672077382386,medium
0.07485126348578908,0.13776935885025612,0.011845657590946584,0.10175233481839088,low
0.045142908556028725,0.033475377972201674,0.37977840959716935,0.14880540792974167,medium
0.23055475637848025,0.09713486040891972,0.0031750246942836334,0.1568290293920312,low
0.23568258368822803,0.08928617464873301,0.11330956808948424,0.31514610885857913,high
0.1672752506395759,0.08486754105096,0.010785354980470202,0.16724512513190987,low
0.09478121508458563,0.09996188083369913,0.13668195165554287,0.030679516315200845,low
0.31871608607134366,0.07920600156673527,0.0397802456295144,0.16373907087856948,medium
0.14484127233530117,0.1153873038800011,0.12186936367045331,0.07132805265062386,low
0.0019579322932398125,0.24282840451717713,0.03358627857581675,0.22836877139718126,medium
0.32070037117518013,0.05631847939365247,0.0003712150246628021,0.16400816244218933,medium
0.10469337259198512,0.1334891401757495,0.06964616942139489,0.011257719759768765,low
0.1065610994626563,0.3142435690948174,0.4032283289515738,0.027717766510873487,high
0.17872348865378956,0.06173047199218883,0.0663407118504534,0.08514263321717937,low
0.12163588010992815,0.15874215342680992,0.23067347747924716,0.2942081442023671,high
0.22489592477915388,0.21570241911775576,0.06724023049006263,0.22168573878639353,high
0.16915454125992802,0.004069780817563468,0.14622671313899666,0.43748286813898146,high
0.0456533707295712,0.13575211485639602,0.04464807056809822,0.12275600030625625,low
0.011774022739474295,0.007932988495128102,0.043593902864168234,0.0029048302000876563,low
0.11444486963022094,0.02069428585945848,0.07616213333727734,0.039282741735960414,low
0.05668984977733448,0.16170467227064675,0.13478350071372602,0.3307874585605997,medium
0.153418207735549,0.2728729839895327,0.2877152394067856,0.08223309689902969,high
0.022271208377957517,0.004399458970320954,0.034120853746814894,0.16653519816672663,low
0.08373411027453127,0.047818972353072864,0.0887501123723592,0.0764535208165743,low
0.28221370487933345,0.011151240137211051,0.22460952094874054,0.35785884289079406,high
0.03244593013441055,0.13008726579733185,0.005339013076539489,0.0030944038245616645,low
0.2002957901106986,0.3403285911064614,0.06244576290180417,0.07906889169235132,medium
0.1814981990228996,0.16156936758818574,0.18813083891599872,0.2916480878019246,high
0.05520677046910037,0.1554515044173341,0.11723477320833636,0.09453622755795088,low
0.012100741652446612,0.04822708234346625,0.05529033168614052,0.04552255079848903,low
0.010497897054264719,0.004231506459512924,0.0024133519630113254,0.006930057138811137,low
0.027771812949590892,0.12112362992783474,0.08057435501810638,0.014411104230608688,low
0.17186332035360244,0.24990785596925227,0.27307771921289326,0.022168425990230924,high
0.07301396999618538,0.18767754685360938,0.06242910632256636,0.16635972630680368,low
0.012634541515386732,0.2640654069032434,0.04215767907941666,0.3320039042429453,medium
0.2532456920222847,0.09663265829486976,0.011004003621241806,0.2275598459907594,medium
0.0894501057387879,0.2060660035668759,0.024190158234383197,0.47315257758695733,high
0.06299898263129401,0.03450635458229244,0.013589898155393371,0.25629958888322724,low
0.09250175008883209,0.2923529232937825,0.07399938457865064,0.3720357858022291,high
0.0066330784992464946,0.1041686732208894,0.027502379082210177,0.03502723214483161,low
0.033439623571995036,0.026198814842107704,0.055476268208890935,0.284435360125736,low
0.05794008779050238,0.10158160780823156,0.0189170848251279,0.11954379585903505,low
0.049515938320032704,0.10109845161357625,0.23537762395794873,0.04878825503544287,low
0.01363780238596554,0.26378456534108696,0.058527819512604815,0.3323501140201152,medium
0.16422216661485395,0.01317694330330771,0.09815184546047628,0.0011981633755542842,low
0.0005746252133584329,0.028240321021569495,0.4426222400630434,0.23828182426892663,high
0.09097000615137707,0.12693477909716988,0.38324606488375357,0.03721878141875169,medium
0.19368595923474435,0.0048120001139524355,0.01222123105614238,0.09062522708437523,low
0.2743933873873076,0.07537377801825342,0.1990426098198545,0.027208690333768805,medium
0.0005936970642656637,0.0903853361893329,0.11226847698145163,0.046157770655900945,low
0.2907271120481652,0.03891556412237917,0.11199137777740081,0.23274149676811975,medium
0.029796918540300026,0.03673302028252799,0.011386664410280843,0.09732599211745437,low
0.26536479624056347,0.010323707426569713,0.03278579094120107,0.12774497955778075,low
0.019784390655326316,0.07765273353076167,0.007234511979039957,0.23139109871520464,low
0.2130302840550393,0.24201915692269588,0.0400012374372561,0.1518209588246873,medium
0.031707945297825973,0.011713823647611754,0.002939975900473035,0.10451170743432914,low
0.12751120301331434,0.11073718383534804,0.008884122394238816,0.015685002769436997,low
0.12086220465715687,0.10111771664673978,0.10734219629544618,0.43764335191482956,high
0.08943021197918691,0.07001335152836435,0.10919555044658227,0.25771453836904945,medium
0.11045502795923082,0.004024605668616803,0.1501969165038464,0.07370130365615482,low
0.06733166671403523,0.12771493129162284,0.17959246702696458,0.15973461279495607,medium
0.11313603518275855,0.06210079149555154,0.1408343754015548,0.015486929263915539,low
0.09110754357323785,0.1995606865273663,0.06395295314840845,0.3047151031516648,medium
0.14906279853755347,0.19373763862888582,0.0001026202553237765,0.4253077962519936,high
0.02548357254592559,0.008029238269365864,0.07966019932574292,0.4827885575640803,medium
0.33398470840608396,0.292975037272298,0.02109445936714851,0.0064725894255019956,medium
0.0002470184614180371,0.10408254487031623,0.29917858518213664,0.18510698220496036,medium
0.10984716485758514,0.21560742353538626,0.07733686274563509,0.08669198060538796,low
0.04484748129527059,0.13482745073092492,0.10261532226252112,0.156041460336877,low
0.14784871163276864,0.013393416325842778,0.15682926666318198,0.11182295452554761,low
0.16257121473600172,0.32075656465497776,0.0860827394691518,0.013971927247125222,medium
0.11957617119275012,0.15180508264032402,0.0314412738421929,0.025445065097379888,low
0.10014438232198877,0.11269427599538404,0.16070816020804288,0.03741168352779015,low
0.31173587704414296,0.27996355708252835,0.06483169972220149,0.02988618240828015,medium
0.10285382288366293,0.058099015265108814,0.06659370436801451,0.2256730118095715,low
0.28821849630544216,0.054273599859052765,0.07963264822672546,0.006189917442416518,low
0.013861911080430563,0.028358412518428914,0.3112384397908834,0.47078892346253093,high
0.11720782012978016,0.08926066086270354,0.003352153108147785,0.09711109302299262,low
0.009249786663178678,0.34254077919386716,0.24442947017305278,0.134404241613497,high
0.06454510406178982,0.13320482709872508,0.07674046799964097,0.4079827579225546,medium
0.28285103852909405,0.1096623960800532,0.03080065262510015,0.34347718017220563,high
0.10108896526300644,0.20169032493731381,0.4182906989893402,0.07917863094789591,high
0.09128397277778315,0.28915390746108866,0.2969762471386159,0.10906241377171078,high
0.02484301383343246,0.26236138346839405,0.1653182293028431,0.10531776302775854,medium
0.23572683825923132,0.01501316092124146,0.22284165905645156,0.4374215026934252,high
0.2585680375036391,0.010141360950881393,0.15316259389527295,0.00869650051101728,low
0.11995918743531603,0.15864093468206092,0.23039790764929477,0.1470412801259347,medium
0.02908674447892548,0.15831395461209335,0.05798404774627812,0.1094357278931219,low
0.05185286312725269,0.05711501762514952,0.005261672321215274,0.4803304267375053,medium
0.13481125445705008,0.11840366644454481,0.029091606662845215,0.1136007965691711,low
0.009004263076706298,0.14357021102835216,0.0671660588921798,0.3157702502927321,medium
0.07318588568676261,0.03495306857390814,0.15876940075403503,0.17436619587709373,low
0.4376284864924112,0.06540022345178576,0.31751487417153124,0.4134196499325298,high
0.017905001624068467,0.019691034145562537,0.24768478121595902,0.12631823820540608,low
0.009984473128053221,0.11618777112974991,0.026392226520603197,0.1851855401904188,low
0.04242738897476216,0.02757901390045489,0.10079753473477451,0.08570653320783875,low
0.30130093385101403,0.03644881733355887,0.010919694563554395,0.3280764549721915,medium
0.0416674501574025,0.3353558998257157,0.04185113295078675,0.12327663129976563,medium
0.015487317343258058,0.2737583227947423,0.12919505469745435,0.1942189369558789,medium
0.03202889285014999,0.13877523075142018,0.14679669080816482,0.48236732909067664,high
0.23737196165817723,0.0678083731644179,0.004149616334481814,0.027856385530021177,low
0.05673412605137408,0.00941670554168559,0.09977211909933104,0.25868187743252713,low
0.03818317521894829,0.024150074338454244,0.10065129560534011,0.10550967914914339,low
0.18472817308099987,0.1677629067374909,0.0029405186502570774,0.16405538920274293,medium
0.07248391051296296,0.11621043429860767,0.1891614230009544,0.13671306394174165,medium
0.02312226520641175,0.29516133088917024,0.21241873753871127,0.4857298806430277,high
0.014627054420224578,0.2550179865092562,0.002952061211872292,0.2597759894036168,medium
0.09309094295087023,0.2339519696478466,0.13034265695958364,0.004347722048377448,low
0.06474780546519131,0.04784778585952312,0.011272956193591093,0.04525707956206241,low
0.015678682907025007,0.008593199410184127,0.11254169332318764,0.0008313173686220013,low
0.05335296706756563,0.11619853047533485,0.1251204647588363,0.14675127524781786,low
0.3136994877748968,0.24664331705754308,0.19950474966471704,0.29805792707951895,high
0.21475531211361296,0.06178852702471026,0.19334497740100443,0.16591649538362996,medium
0.19047541385476666,0.3447474916161459,0.02612739235623624,0.19334348784543476,high
0.009802935867193245,0.009625365682703915,0.06072486910674407,0.4343194893264844,medium
0.04399849388550896,0.25701204661602556,0.1493992806932302,0.05508779752306864,medium
0.09138125215034709,0.29253168115480216,0.004589794782543766,0.3148978654750495,high
0.07382353059900218,0.005977432277922434,0.23853814161250608,0.28011467589536965,medium
0.12458812388797026,0.29789838552803766,0.31889981014874735,0.002380835861150084,high
0.2957944473887962,0.19159589880750402,0.10075463128040092,0.46545363836869813,high
0.3727494392143508,0.03475630251127301,0.27256917066153563,0.3239623836011417,high
0.021203230444086407,0.22928330430507118,0.03123678981140767,0.05651243211948274,low
0.11399530966323235,0.05646564233765789,0.020583932763741018,0.1448538261082552,low
0.23408572454174542,0.030798397652218975,0.018527588118516732,0.09566146643048085,low
0.24585018574816192,0.40011519347409175,0.19929452622676821,0.012043147310490998,high
0.10040433492805556,0.16563286098612523,0.4195063142261222,0.10176871094079683,high
0.16157745926830236,0.012377498524219861,0.004480820860043011,0.019405459277435068,low
0.25375771288351506,0.009962115576872124,0.03467893426723502,0.14108327684343114,low
0.015529436830086537,0.03482181639142131,0.09513320747353875,0.10450820834339072,low
0.15610224226307354,0.14571824599065186,0.23905134710737796,0.311530858184683,high
0.2988634369585069,0.01341064904271246,0.14373284233711978,0.3790796038196222,high
0.014523799154075676,0.2063009077944404,0.13133330575925142,0.10950541974713487,low
0.004413629394687077,0.43678349019487267,0.10614985805309585,0.06922679815564223,medium
0.022125166490286608,0.17123830830407588,0.03203761356397601,0.25807736154871824,low
0.037250036353575273,0.2994566078071986,0.3238487466975397,0.1059570366531288,high
0.022062247498734044,0.12138016700600011,0.0038031366342229592,0.273009602636723,low
0.03829278359496757,0.01794653787708744,0.07170130640038537,0.0375834666997367,low
0.267037770889,0.0703684517770264,0.1440707340986764,0.40239201140266984,high
0.0034856456295612914,0.11939033294094135,0.23394915420182702,0.08766522302354186,low
0.35934828046498557,0.06933664995655092,0.21244866111882574,0.16220427228273018,high
0.1328050096051522,0.17615982476473782,0.2501486790335474,0.17247305568566262,high
0.04657239187464798,0.1582618933702335,0.06768399346688041,0.40890288803708974,medium
0.11306683040449825,0.10699396461154581,0.003932253631513121,0.1451542035747354,low
0.11794214557872111,0.02238283947783032,0.004465581684087026,0.10447658890939171,low
0.047625526187283516,0.07040045367258886,0.030987138874982063,0.02670333647504578,low
0.1998854813169005,0.27731797985900114,0.026599525165297847,0.07579939560135479,medium
0.2584772737967519,0.031247547144018246,0.044333813881532104,0.14143100894123323,low
0.043891219092594046,0.23879598955467868,0.2137335431816229,0.15995668557756196,medium
0.12506222813604534,0.31973418714707197,0.21905007717409053,0.32995863668951,high
0.01051303835090482,0.049856996858127195,0.04358082003927238,0.4523604274835716,medium
0.23407513685099474,0.04592003647350328,0.00033662972249512316,0.38503440158097385,medium
0.14247293569004785,0.22195208458605012,0.02784875596430592,0.2426316909780003,medium
0.31237684600812066,0.07069091682186528,0.12554627618078357,0.1009238379876572,medium
0.4288453209365867,0.1893267363790209,0.011041277213564937,0.21383508642546106,high
0.028020099720006096,0.14670082388678066,0.03281176482648047,0.15166114848193507,low
0.17603326984052337,0.002036933573108765,0.05118552887948516,0.3350728048043033,medium
0.054243873696210844,0.009199941616475237,0.2655289391420516,0.024298942092714493,low
0.367886142646538,0.02205781305309321,0.40722714709892294,0.2604260713469069,high
0.15704462340754316,0.21571400346277045,0.03087878765244618,0.03341327663828281,low
0.0957042191469521,0.03875605731365378,0.009774934396507545,0.4316192486164973,medium
0.11083926166169632,0.15218115940935514,0.01934695600718625,0.3131502446957796,medium
0.034331650117277325,0.022511687264332617,0.09569244668551559,0.061434823790835494,low
0.12291878755145108,0.35623609953630336,0.22030758681582796,0.1844568165644197,high
0.1365824169371992,0.38003460846532544,0.05990189135251447,0.009136775431386801,medium
0.32808785078798114,0.018994588134189794,0.07204100377205828,0.23772437160568263,medium
0.3333809951382172,0.37173586507932055,0.09511158160951584,0.05854922451774456,high
0.00910941347229215,0.00428019068717243,0.4408389450593495,0.13820093148726514,medium
0.015973422170508587,0.364632429097882,0.28805388122209064,0.11079836072150596,high
0.10571106580843363,0.4013046960239505,0.04076562457972706,0.13085450516832625,medium
0.11478427112815048,0.04391947672099824,0.2313129197938191,0.18567621352854105,medium
0.34823413679706033,0.1582550027930386,0.025144969447731112,0.38393379840897573,high
0.18074567612929512,0.008599888263719276,0.03346530302935486,0.2997646428364188,medium
0.0749098858175858,0.0711284996070895,0.1303345805512935,0.24045878106749297,medium
0.14113653874568413,0.010600950899742992,0.041948385316962135,0.08865207354056348,low
0.030940259987959243,0.18102895486751236,0.07266392920860708,0.1342548398960395,low
0.41762848893355486,0.039248640380712685,0.009656298331392947,0.2726482427775705,high
0.0640833641062809,0.038929366394146854,0.26570746395564754,0.07069908254670174,low
0.1539857451102984,0.13693083796284913,0.057444518165893875,0.00527825385769424,low
0.035574692802834186,0.24426297930304205,0.10132511208455781,0.12030868842705078,medium
0.28904019120416324,0.053141227729790685,0.17065577239432467,0.274986555398106,high
0.14285384359283007,0.12115387824138697,0.15874407479680894,0.2838790729334358,high
0.3466251006766419,0.3193302837968762,0.3047251776902511,0.006838383261791739,high
0.1645320908354732,0.005448091734730498,0.13977814706160432,0.03782876894386146,low
0.09134925433790478,0.25047872510393,0.241934707214086,0.0998991242039613,medium
0.17647048590343647,0.036638556809673546,0.06364785386927053,0.08985556043542514,low
0.06630142983157068,0.05517947606306469,0.07774390030814875,0.12613545591116843,low
0.41820717972513255,0.12910645729304104,0.3128671784957259,0.1221515240388338,high
0.25045945484548987,0.22664155660273158,0.3077730013979027,0.014898641660949247,high
0.0993400289581709,0.11733590895289395,0.0823250217777939,0.07656812404050997,low
0.026098694059832374,0.4315175398997595,0.1395080540817955,0.16244921044245586,high
0.07759865387532128,0.4261593859351241,0.005950766390454637,0.06707518696381462,medium
0.0063745244260378,0.011953852194058229,0.004006389962780599,0.03866384500383124,low
0.14071989409039992,0.02199198221917945,0.14183484184569056,0.14641434279226354,low
0.3966778017177743,0.06876736636580116,0.007633669659338416,0.11011320256860303,medium
0.10679529264648271,0.1163420349167189,0.12048530830183816,0.1258733102509202,low
0.14915920629180524,0.04466630337102397,0.22537900249600093,0.014085170741300668,low
0.015669125808033754,0.014469643774657983,0.21822065000812915,0.05486693106475188,low
0.20574048591062077,0.02614960875297552,0.2165249067536435,0.1575183483497083,medium
0.12144853646151785,0.30509639414729345,0.014805998782313062,0.05829105523040508,low
0.1028932179855166,0.16792869225266202,0.11310425975259529,0.09254658937191469,low
0.011262360383016947,0.05540026949397686,0.13389907113413765,0.0857811565130771,low
0.4414202853453033,0.010703633333137147,0.297765723984653,0.355059194089653,high
0.4529149315128236,0.13102379429551553,0.014003435301008414,0.27723386956106133,high
0.13482919748974467,0.19790177001125225,0.30016312153817837,0.022467516162190893,medium
0.005463328654802166,0.15915406319457046,0.038481532588579226,0.06903648578814492,low
0.002285314955216305,0.06184473011950678,0.24430715837796124,0.04944240575525434,low
0.2273454139341547,0.28962774570583116,0.08156165142791567,0.14163154584825505,high
0.08830598120660164,0.14806228541898514,0.22930059706979639,0.10020246904572994,medium
0.08756844361611216,0.12153259756056471,0.12381030587518127,0.014877859844744601,low
0.01845436374091573,0.10415351985402846,0.12768271565956119,0.32544330943788063,medium
0.10719180034821489,0.0016153675356045305,0.22212454872300755,0.23045170089442202,medium
0.3090452383129245,0.06711878100703232,0.31927959232484454,0.07789392249771827,high
0.04752795663110243,0.1805506644768509,0.030316391946401018,0.2877150046522411,medium
0.07044471400824828,0.015090062586850651,0.01891348117999562,0.21177232600768314,low
0.14329713392815963,0.2696301980122213,0.07073917956269439,0.04904238595441564,medium
0.28993167766075145,0.06740057753976265,0.1637720071709559,0.13835557759080291,medium
0.01929586730940766,0.09956941483037376,0.11094716571049144,0.026308147859307796,low
0.04338368818535328,0.13032587753446895,0.042002968461501845,0.09419684929039909,low
0.2550118656278477,0.07310028868127155,0.17795691317902015,0.3794575946412423,high
0.2615974815210158,0.2079128610735113,0.00866335517239526,0.4041715454704612,high
0.015041041889121155,0.1746021262540558,0.10251767646299209,0.28224270945143803,medium
0.12969793946653052,0.002869825228378614,0.19002577379379218,0.014470577073967261,low
0.12848557478708195,0.023922764165969605,0.012197290171555951,0.16173376698236291,low
0.06926978355462647,0.009156200361458105,0.2784551311201158,0.28840048350423575,medium
0.30532777704959435,0.10995588240021617,0.019206806391195697,0.008484846316885952,low
0.23820629217967623,0.022484481842495057,0.09548028323322767,0.15414881018261734,medium
0.012478285236178038,0.17306587696046144,0.03826736512827507,0.13535906602820758,low
0.004388762612551788,0.2543881560134197,0.04377099299462797,0.06021503049094751,low
0.3039152959204211,0.052870709603746735,0.006091226607310596,0.12006131205435211,low
0.271955144093647,0.024936225603212615,0.015486122512088698,0.1874899425482899,low
0.003969198239280642,0.01963805037976185,0.01489906307204551,0.099704806182079,low
0.08575950838776125,0.05005959789172022,0.019825258952528648,0.0693953564722164,low
0.3309724040125732,0.026938215869864612,0.029223465950554164,0.15297726172474885,medium
0.07048016337353724,0.04772818822476277,0.029974832503578228,0.1427696623949962,low
0.16636379206191357,0.001217176934402434,0.38218556306346174,0.4140329147237014,high
0.10377404920498338,0.0008883906376320609,0.025766213075874445,0.13901857549707317,low
0.038932752043391645,0.15207241367517965,0.1710991682887436,0.23857508332148974,medium
0.18815716644102334,0.3179364444338603,0.015245697641078113,0.34515540709009973,high
0.04108481614590229,0.02103177825257238,0.26561913029522416,0.0900059173915988,low
0.1590933608637444,0.08091510456285891,0.009682903209967127,0.1949687067680345,low
0.008131512153015906,0.13255616772242534,0.31308819039366376,0.1496982811520238,medium
0.04223937973795044,0.21937297682587217,0.3611535352200019,0.1588561859251303,high
0.319599791830806,0.01800683232755234,0.30676567846988567,0.1393479576723905,high
0.06440578855994732,0.010182025184709835,0.038182119975236344,0.4130754016895178,medium
0.06507804340100388,0.22345908092121175,0.07682659661766479,0.1271286782903091,low
0.194558280885645,0.0630919892109569,0.30222179928991705,0.13800547261874196,medium
0.042928012929207865,0.16610178985622756,0.22406996836529677,0.2751219432251188,high
0.1923008372435739,0.14453989733066216,0.34163268533306484,0.4177369734087259,high
0.24063100416914804,0.08058850004825668,0.24542581357763876,0.040398100044373164,medium
0.06979498641935163,0.21494747169679168,0.06949752266354339,0.0797874399107617,low
0.004444777345278662,0.17437265777262848,0.039589769463831796,0.19664350923945384,low
0.029209021601093007,0.009167623005473944,0.15306425932654683,0.14679527435597522,low
0.04898810156121023,0.4065732551657707,0.0009695711443120397,0.12744169422340818,medium
0.007028283057536594,0.023359432565418094,0.05909793134700339,0.1549373135395467,low
0.031563780700238714,0.10338697815531574,0.20197814120531443,0.0375134262027922,low
0.018257382738639603,0.23220208875427414,0.01710080713505677,0.4069041152338193,medium
0.01851485916689513,0.12746154323016642,0.05721101793798628,0.030147352290616804,low
0.009954209545028759,0.012471554396978017,0.3275806266912752,0.15150322810705225,medium
0.008292602204413982,0.04956579126663113,0.0030241287557389385,0.24719235164109687,low
0.42272309111563383,0.22703152533434837,0.14482899084977968,0.08042045699123229,high
0.0015699022718960614,0.1191431722741615,0.10229717047527434,0.05002895409216194,low
0.05301196646003462,0.03886357161210202,0.12081898373368224,0.08538382863010077,low
0.39418214590522416,0.22950390189243164,0.26532583614864574,0.14512060396129642,high
0.06965203644105217,0.029195696487851783,0.1217712029789483,0.13805507468120568,low
0.0025405487219819856,0.0001492769494275914,0.1342724909875682,0.49634419980576266,medium
0.09670103479991221,0.10666383374248062,0.4314166227675577,0.3438395797962933,high
0.038652061942291295,0.3998153336667628,0.02223441220773055,0.015217653456821429,low
0.09740740042835834,0.36794236248833684,0.4156866197476958,0.1668495990324551,high
0.00883638419944346,0.11945043842835826,0.09479909015179637,0.2005997041843486,low
0.3752417635242351,0.02284884658164321,0.30762211927806216,0.09332115897583643,high
0.043469612103531174,0.03501240934939535,0.2737247738916976,0.11216945886094094,low
0.049722819808605136,0.1808216761814032,0.3171456377124708,0.14394478777577194,medium
0.04367877847708611,0.017966428189433916,0.3688137409508839,0.06415299910198087,low
0.06025318059331904,0.026779980151604335,0.19545564907293062,0.007868818345180457,low
0.25013287332977435,0.19821178364581887,0.12984430838505495,0.2688605664431073,high
0.1604390227954055,0.15117933513167883,0.16612701197762414,0.0940368381588725,medium
0.34586414953910866,0.12316769490558546,0.11737561345798068,0.14744546304578302,high
0.1827987190600993,0.08127193461040119,0.031499124082483974,0.14688129697041855,low
0.08323778297107136,0.3523329961913561,0.015011614129167556,0.3039324136381952,high
0.12908595210898302,0.1405603405718078,0.02824300161739012,0.25009076676404524,medium
0.07105940419420882,0.08365976139393348,0.161040260506574,0.29302206985651524,medium
0.12377726824509751,0.17426374921213322,0.06719921654924457,0.30186155739040155,medium
0.049691379107529146,0.0030713955107553852,0.17544167702415447,0.1028372910187489,low
0.013312028878855575,0.2720020110618253,0.03010270553819348,0.13548753466568952,low
0.018096291256531113,0.17500863156571872,0.08012458289452658,0.27117085784492423,medium
0.04034534781907456,0.0021311068401924883,0.28524111179928024,0.04671844196867412,low
0.057843142828069564,0.0906381253787283,0.103528227414962,0.2533488774563189,medium
0.06102214446971921,0.00579501510188328,0.05786444110245079,0.04363531720790046,low
0.06927974271694837,0.00013062529322137805,0.012578666686343746,0.49818861524805585,medium
0.009728701180912713,0.10298930779497313,0.2186664162063729,0.30151478144077315,medium
0.2923714495480619,0.01971218022007284,0.37750195217456245,0.014019483693088919,high
0.13358854373049225,0.12342849236385096,0.14118413354043985,0.13172475817516985,medium
0.12601018926617533,0.020558281540649856,0.18161800144446527,0.1614112470777023,low
0.006640823132584543,0.10979617142317988,0.02729718989978289,0.05706487368420894,low
0.29949427692612274,0.02705249703579116,0.06053142109366444,0.4288599944868142,high
0.3557114275974732,0.10048234913847731,0.019775589273230764,0.13226520010478898,medium
0.13174417944591274,0.07096918180124712,0.2578482379270291,0.24357406479612742,high
0.001010088075555396,0.08209384675939714,0.21837567197874888,0.39462125915413004,medium
0.07010267090305872,0.04187409078151054,0.16957447105561624,0.3165970789012724,medium
0.19645162734005112,0.050371077506079484,0.09607445161177039,0.12397407575630078,low
0.1415828220656834,0.12477558254216284,0.16239008559436224,0.1052735752462402,medium
0.2784291140938228,0.05881075697635415,0.09098644531865067,0.03322336429922462,low
0.17646853407025143,0.148643086255349,0.4041985632513363,0.055097028466025724,high
0.20218413893146964,0.12263856342702666,0.02857897531686634,0.06506805187405276,low
0.15494191875828256,0.09505374812260198,0.23632093187536302,0.05819117000483631,medium
0.07869900290968272,0.10473262374463171,0.04839780292471367,0.0029034104121643716,low
0.0310385467891526,0.03452852702924879,0.10186057535766727,0.13910269054136631,low
0.004246405621263725,0.2905447187515658,0.08104983641926844,0.018950899803747902,low
0.014301029155699781,0.06125448965831782,0.11839856027902437,0.13960584989290042,low
0.04615341503215782,0.06644185763409648,0.3571524057385821,0.13698403164503015,medium
0.0011029586285031933,0.1366682546338013,0.34702740961330636,0.1247886502462411,medium
0.03625454776430626,0.03484324091134336,0.0702969146212281,0.011117411523102675,low
0.12287725125384265,0.14105875433033277,0.23371928177743206,0.021537222035634573,medium
0.10327742916254684,0.21488539049007147,0.20371943355454528,0.21391342961367193,high
0.09459478881309642,0.05514502406937916,0.33375866655050906,0.07376859139139419,medium
0.04437954370336601,0.061238602443765805,0.23148141115530918,0.15776969152440867,low
0.0988278871426536,0.11166581371026399,0.1725702916544639,0.07763292012312724,low
0.05353939873666282,0.06936076255322295,0.07721613435505371,0.054684088841656764,low
0.3759652243915053,0.053865539143731156,0.311641063044884,0.16122765744242962,high
0.05589479911652332,0.1955821918863409,0.03832767085303607,0.04393470339514175,low
0.3109240555596321,0.12466940942982152,0.10909986952937617,0.11989172685687806,medium
0.18247830143991037,0.13744725556091314,0.11012482268883436,0.14637108314283945,medium
0.19713978395400072,0.18028057949474546,0.006856344597586004,0.24950290798431754,medium
0.2725898203613255,0.28907134338828117,0.0009343734612299893,0.02805709508202773,medium
0.08391352929158902,0.017936890959222174,0.09685581308313469,0.07931280960818311,low
0.13896156743472396,0.033810705501310975,0.0906447869297368,0.14501142181572862,low
0.3377506753835278,0.0636604816605697,0.16147806760158104,0.05808157696349353,medium
0.07748529307493353,0.009398452088527813,0.03200787456864457,0.1559369777939721,low
0.16555644403571163,0.08081640641057725,0.024944761728267848,0.024137652531718474,low
0.009894107673384904,0.18757012283995564,0.06895440187353367,0.001525577130580232,low
0.10321774690732423,0.3154973249556079,0.043695279688946334,0.34919666223111984,high
0.060338949518219075,0.08040399568808987,0.15602768688988627,0.03290132735154544,low
0.007210981768952242,0.11159483649012412,0.013396349566772908,0.010019990131661605,low
0.09892013800228446,0.020026024403513375,0.066919030253253,0.11439468136741755,low
0.001632870133232367,0.05246424867417114,0.07588661974260091,0.11912224268145144,low
0.00938158696912271,0.41117430236507974,0.2654294289320291,0.18326659378505916,high
0.020689014676850994,0.03423420202010423,0.0008938934475772987,0.060087164532262816,low
0.006341914463848482,0.03261175447660613,0.12746096759161069,0.08145389729834354,low
0.04379449639846288,0.059692758218222626,0.00047565240195547305,0.19262879408054134,low
0.0376635493334317,0.04992711311211409,0.265153985970128,0.20810566711248368,medium
0.10203298104891378,0.032155613694316625,0.08936861786969906,0.08511505190079094,low
0.19209177467473423,0.04140193978958081,0.2681450058895291,0.07731557818468213,medium
0.041596616683909224,0.13772789444878625,0.143763942604081,0.4328505388547788,high
0.1130575284018956,0.001696057196157771,0.11754222420727524,0.05919000459337015,low
0.1809088097475217,0.15098786664614613,0.2924677491384706,0.19000384098182546,high
0.03320101377817003,0.09078606704716226,0.1235587759205085,0.30592188873187803,medium
0.1093356362035473,0.03588131529189807,0.36998370800652103,0.4620961048503276,high
0.0998464718051297,0.18995807468374237,0.4118812589791023,0.014882064299574116,high
0.31337661838295383,0.02200252544407936,0.15882866358415892,0.0011452704212075633,low
0.10554127903434686,0.1393665543765985,0.30168279709825785,0.07703647020344917,medium
0.37698539916194207,0.03053127198613417,0.15906321991285807,0.07717090294418952,medium
0.002552264855837612,0.29965910893769404,0.34218921352584275,0.04804948397106151,medium
0.0681709136725596,0.0008577864977469074,0.12756321473296584,0.19302045005606877,low
0.18355353445373518,0.10566694808666535,0.2932983458807651,0.182535906994443,high
0.06077054151154217,0.02299700255314399,0.0009296356657015625,0.037797698559222215,low
0.1395693505555549,0.001976530093515022,0.04701472868434289,0.1620180169844569,low
0.08820065741949702,0.3331107007412605,0.002755201487375135,0.13482667275957652,medium
0.1488973280473746,0.2312341556609041,0.16837895089837607,0.15486358214827345,high
0.22364837000427815,0.07492040201069154,0.039851271550698855,0.39246135260500736,high
0.045002500540800426,0.03240663389426533,0.4649886750470551,0.062335813108356564,medium
0.07101468028634236,0.06693061993075868,0.1273758518721741,0.18932046884901316,low
0.3317414593485518,0.017973148390639675,0.05853433147900677,0.08478388185137131,low
0.17026893357030054,0.14645031819737733,0.019403560539933674,0.09581503815357795,low
0.05521861968887584,0.19550453480852562,0.07976190990478023,0.26091019706216323,medium
0.006864298623889977,0.02371787389587791,0.04328469909260653,0.22279256582616758,low
0.13919968437218894,0.015896283688852233,0.058154356364621074,0.23460309492471576,low
0.06516899089967294,0.43673060524027557,0.01340646640004807,0.11335530549165065,medium
0.12908256055879117,0.15476031635609822,0.2211079577170147,0.4114946289867865,high
0.0688560213186578,0.08971748195106043,0.03149813790589048,0.11214910854928772,low
0.21861822912696033,0.18555352204284448,0.29827149484342896,0.11402095707380862,high
0.184841912369117,0.07918113345533785,0.2949643204829797,0.38987922627333593,high
0.28494830140362915,0.02601686784252804,0.11112008250275413,0.04898408392355065,low
0.0324236206271514,0.07342167593870805,0.006554396121538037,0.07043497570976671,low
0.13055256599475032,0.19910475088232596,0.01341865001207531,0.06434632326060055,low
0.022377336154261723,0.30929675084463565,0.16233906774053658,0.2152283219305249,high
0.030921638257733735,0.37336739274757225,0.022563896964126445,0.15725371012568126,medium
0.33184913159844787,0.11340401576126918,0.022920640517757537,0.4091315235119423,high
0.3485506879991866,0.0004234046230213029,0.14186903396177103,0.031040326558064452,medium
0.24522185195213042,0.22947480719779859,0.024463664477192115,0.1393714336921838,medium
0.16805742043691996,0.14679197346349285,0.001582536809907732,0.4670118782271271,high
0.06866507418460326,0.21855919462998138,0.26280544904637226,0.12829880767595891,medium
0.09434662195938347,0.2527951242782842,0.1636322059121312,0.032685341434913896,medium
0.032155791071877736,0.03774370048291528,0.3236327810047355,0.0022254147110339533,low
0.020673015245302538,0.34749716968991873,0.03122589685232583,0.004009746096984271,low
0.008929103449739876,0.15561155048774206,0.0534730283786189,0.11300941090679746,low
0.05380482418627548,0.23136748750010383,0.3563165551321798,0.283952492309772,high
0.27468151178176836,0.1807716089035475,0.15436198911835644,0.06862785287529741,medium
0.03163515351981536,0.1104047407952017,0.07583303593718879,0.016231048938413668,low
0.0030474011293669463,0.04437414847317914,0.2095721571951103,0.20754817224156646,low
0.03097683575347277,0.11404310000726407,0.10070851030369098,0.15551180555373892,low
0.001328736344322712,0.12401369510300525,0.20039362262987018,0.1068356491872523,low
0.34453512637537914,0.024818988606962942,0.09553283379008473,0.2242696946425412,medium
0.02838374726373256,0.04029339175362144,0.015566192132776822,0.07266027521531,low
0.10269353595521337,0.16146226641210792,0.08589645225944433,0.3387476231502235,medium
0.08839184496078423,0.2340058291525001,0.09217384358306795,0.44809581145328914,high
0.3204131876508894,0.19690267423196398,0.045036410352584676,0.06367868362047475,medium
0.11541649990710212,0.3456438977118994,0.08156880076159513,0.2630961753230653,high
0.24401805365048246,0.12434764155455824,0.1350740040266115,0.17766712756395703,medium
0.05205649095068805,0.1980028734506019,0.1544601372061364,0.10931853578404528,medium
0.011228708900162556,0.053444672133113276,0.05725749110118243,0.06047394730212674,low
0.04714718704150658,0.35663776157294164,0.01958452652420369,0.10018239221614861,medium
0.3178897427118427,0.025572070370269373,0.042042128822538834,0.11662184086543059,medium
0.1859276803351988,0.02971039549382021,0.1637970706474885,0.18870830073992328,medium
0.02798756618919051,0.020948477108017505,0.08017153624059739,0.09912740365743278,low
0.12095877378888219,0.14084708725618134,0.19492796265785997,0.02059970287359425,low
0.11872643208298382,0.048877175959340255,0.19147625793999876,0.0308913393680737,low
0.21571964583861705,0.07492496795678677,0.02992965854027622,0.0736799677204806,low
0.029474395212578164,0.17095372680413157,0.008021817879074793,0.18443490858051453,low
0.045611015744695706,0.2399277085613673,0.1581837493269962,0.13822886773899473,medium
0.027465360492335108,0.2890244655780927,0.07782391815136133,0.14769976845073976,medium
0.012039260649578625,0.10613550672888317,0.012031017761885136,0.22801583120336838,low
0.2331752323729124,0.03693606902352903,0.19911828326442713,0.21944956709967595,medium
0.03830905800647484,0.15664003205654892,0.05375756547169774,0.0638231158860442,low
0.1089688232784325,0.22816484411811544,0.24089692642162347,0.1434419951528294,high
0.06099899436723812,0.09556621299475081,0.17384638728976842,0.29198264342955127,medium
0.1630932672749407,0.31930626400012574,0.053934602382962445,0.05849276675517449,medium
0.25303552639206106,0.437700389310183,0.055950364343904414,0.059332371427414654,high
0.3645430904753964,0.20364429846388984,0.13687958528170427,0.1776781236810232,high
0.04235996252666524,0.21263584762952636,0.0559192446456417,0.014613093267605404,low
0.24737186370532352,0.010868213694514073,0.14584697995276563,0.15609042906227838,medium
0.13831281411763074,0.04777610837774696,0.44562551862430755,0.23133792545690984,high
0.18991147745793951,0.061301719250596,0.20689425473002435,0.04805295226262174,medium
0.007941517347888402,0.2330643874273163,0.08646330275428668,0.04822270302275222,low
0.15786865807752098,0.045335843591784566,0.3737582206539112,0.01998226205493251,medium
0.01830095276925549,0.16795698917691576,0.013044180954604457,0.23268849019147786,low
0.1594068547498455,0.054389989407263105,0.4622259074771448,0.03393413793330202,high
0.027436307524243097,0.3510231671039991,0.00149692884661185,0.10403235022548576,low
0.2065970884936918,0.18368204829191437,0.034607999935766735,0.0037113840260583064,low
0.25100546174114424,0.05878406113174694,0.17020720941649992,0.071715063157063,medium
0.07126346917443413,0.1800514900382542,0.1116984197169702,0.07257134591304265,low
0.4062610963176225,0.15304802923624483,0.05374306635743079,0.00735249883880118,medium
0.18058209756427937,0.1511778719282575,0.13206685211276897,0.1126006678821624,medium
0.20757294012712135,0.04106485263868179,0.003670366870467376,0.047332682136148496,low
0.1068435961900944,0.369353007920124,0.017663702460687658,0.023241081923609963,medium
0.34208753411687837,0.16346250180579563,0.3094837419437245,0.07816724233487755,high
0.12235803199032708,0.038360530202720004,0.06481331405289556,0.404672840068376,medium
0.2845437568568743,0.3833866994503424,0.06859930994675802,0.07876271967073613,high
0.012833855616349202,0.39374945654614546,0.08721007394214038,0.24734471782812262,high
0.08826505859512879,0.0228754776677197,0.1868984472536151,0.29847918259819084,medium
0.01542788366918774,0.012560864984592728,0.20508997397015244,0.05559502229128299,low
0.06203230083754669,0.036257970820440286,0.1321533398568684,0.03887402677194807,low
0.13094020669472814,0.09194637631503719,0.1648899862577046,0.11129888436578679,low
0.05987241274643815,0.1473245266791987,0.01729885157170495,0.21706292943550998,low
0.3244605337112674,0.04467105712295144,0.0594737419377486,0.4449266516398814,high
0.03547892593400723,0.09027434313306526,0.045986220097415695,0.3601106592761658,medium
0.2161686842794794,0.03248562121886637,0.19717372174668626,0.004863755182956527,low
0.1373425020374356,0.052187251760106156,0.3604693348709674,0.05102566916165942,medium
0.08345262752461463,0.04168220082023543,0.10017010872063205,0.10892761433681514,low
0.049134213606666456,0.4246261384330934,0.040947089418544046,0.1103705726731481,medium
0.0937033370590222,0.004411262121675989,0.05890256487795939,0.08143128376958622,low
0.060922493824446644,0.38499928899151165,0.031347123601574246,0.2534574121813593,high
0.062068657386088195,0.08262643167459649,0.04906725491137091,0.27083016502592433,low
0.051525964648483615,0.044420887520106096,0.06282843141562136,0.3065588086920885,low
0.05315997941992657,0.2546635037355568,0.05698155726773563,0.10472422646022063,low
0.01688086031528665,0.009378512567226887,0.2146925656652816,0.15861280135000355,low
0.27235316293483236,0.04406743345416224,0.20700819818919142,0.13301403812054652,medium
0.22082217105703172,0.03020416812005293,0.1141500706005005,0.26631751615907895,medium
0.1580552614279538,0.1387236857895656,0.3249775801365907,0.08001323989996519,high
0.1258518605401728,0.019084855035312043,0.11695232491079326,0.06864242112360659,low
0.20682138076187798,0.22357924010943894,0.010048125129125299,0.0944569177188101,medium
0.3510971089068901,0.13434710765314373,0.010801461206217028,0.11865173187591074,medium
0.0020478374429500575,0.14294243995175035,0.09028960823666052,0.20390440329167148,low
0.002325517644566378,0.16914193450191908,0.1516473807100135,0.1411552144899258,low
0.12073068922399387,0.020256503315809037,0.07325922541463632,0.14746289945174618,low
0.19100208315251294,0.03078311132593749,0.14064766011683252,0.07359394187674898,low
0.026114731428920214,0.12073759075769376,0.07700695453370823,0.018898212765061557,low
0.37870274133559906,0.2971719814270169,0.26095163760419177,0.2392575271437003,high
0.2490482128171331,0.1723797080107992,0.006180596701243469,0.025231194554679683,low
0.1356882978628112,0.28417571624086724,0.12057931843749516,0.24281646292036496,high
0.04480105086108987,0.335139045237472,0.022415359471282613,0.13550912697843087,medium
0.1148763729358677,0.10473938939245768,0.1563225527963032,0.0345436849346446,low
0.06687818967138291,0.11497451768817858,0.17352195623731903,0.11802802973371125,low
0.17708784030472438,0.1809341654748106,0.153101427868368,0.2751854529248357,high
0.3947620977587704,0.15230822960541415,0.24496062120046844,0.00267419789052481,high
0.02409055723258173,0.41695991563748874,0.04192214286407783,0.24488933698017296,high
0.09704611784211706,0.10233411858980379,0.08766783748406082,0.14352641526463825,low
0.1145625280178619,0.3627104336928255,0.00611591711178667,0.37784253115218946,high
0.0127396118860118,0.39984031813785004,0.10433716355915613,0.15227955638546764,medium
0.015505097370220423,0.42617492601990936,0.19341317582763407,0.1296415747269465,high
0.33125624306291773,0.036473102594236265,0.034406977993740435,0.11095639688162437,medium
0.08384774082087355,0.07097657106623785,0.00317542872939428,0.13210737649231546,low
0.08042167283897299,0.16140628677295288,0.26140888292437925,0.19450854849221616,medium
0.1256177259301668,0.02258582820578964,0.15421225279196774,0.08794765652636108,low
0.028426680108379794,0.2169337698552827,0.11500023416042257,0.22454918853195394,medium
0.17302717225182074,0.004235719445606702,0.009760936498075827,0.00621008102951337,low
0.30449070394310035,0.37701749536979057,0.03236735505135686,0.018913295684770366,high
0.0242879251356514,0.03603175172142205,0.22051509065301442,0.26172841995183826,medium
0.005711797774150671,0.04372929586459514,0.00537756260395729,0.06788718386804311,low
0.25599335185168653,0.001475426302338756,0.06339429519333674,0.15921936807705428,low
0.2012527609014668,0.1638660338431682,0.03494185307246981,0.05592268688089924,low
0.20345813528305956,0.056489911678492814,0.11221892378772026,0.028232381868445806,low
0.04381032483793211,0.18681661589457954,0.2605374092705486,0.15647057141677795,medium
0.2856732618032402,0.08799905864346225,0.08622437277903697,0.35419529581373377,high
0.0035812690326330232,0.43687526239667746,0.06317202152839256,0.06770169620054195,medium
0.17507241604553972,0.04490076177081096,0.041063360180439996,0.11766198849258919,low
0.13247724554175924,0.020107084453259396,0.2532934564462126,0.024817073182828848,low
0.19956717196951154,0.07424544125444156,0.0156885046683868,0.04199710630438487,low
0.000697969079073767,0.0036262460863170707,0.13528687095657305,0.4879417384642579,medium
0.07940895117749722,0.0768666212672311,0.08206736625621548,0.07333628325856584,low
0.013424381599991979,0.19034442732260776,0.12955380313758147,0.27088627680275235,medium
0.2134600523448007,0.0009511450141064248,0.19690569111803424,0.194483174389156,medium
0.05349021484384605,0.3046684924631889,0.0029330471617557176,0.11202384093514468,low
0.008631010365484608,0.007919872825929413,0.024556209735632262,0.061999751684987614,low
0.26968194724088596,0.11635754816352949,0.4384478966753784,0.20884515609160392,high
0.08534722091200968,0.02619120956514361,0.005204026831309767,0.3890466387521097,medium
0.21052248812209284,0.03893179542295735,0.28055351968869807,0.28827841612357236,high
0.047936804664098276,0.3135523077311178,0.1888677095581448,0.18960355970131026,high
0.1456867264386904,0.21988610974318193,0.02478432985489848,0.0871860313696687,low
0.2549476162521512,0.13651590698725077,0.1389490158295565,0.0038301269904277846,medium
0.025927651762283403,0.1632314442394403,0.06220486035989591,0.30636557517402574,medium
0.1772459730001271,0.30795261100860993,0.05530488876184514,0.4312539065256859,high
0.19315057824865992,0.010405030771207439,0.021294008537648696,0.26894458700755797,low
0.19566449910292702,0.26170989880118245,0.15349468410003275,0.23677023762457017,high
0.1639778471240565,0.04676354661398348,0.029822137268820947,0.05691280094172409,low
0.058060969402658154,0.07440947713237395,0.08511454531097072,0.07006262285120993,low
0.0885446734992281,0.027226447913689958,0.006197642383273923,0.34370462456270473,low
0.0024845393733892054,0.4674870441511556,0.2889086525910934,0.12347852344326471,high
0.17285159508666434,0.20701577572508797,0.10366771841082958,0.4263525051987052,high
0.02533499987197533,0.033678698788175886,0.0051319841929294155,0.2436487718907309,low
0.003302313687102002,0.08607810372423187,0.2545603451906849,0.31150289593770375,medium
0.14955982111295485,0.237379636124745,0.01494426469090545,0.2674834423443098,medium
0.20827496315274763,0.06359166013637935,0.18747398096946485,0.017879978247705597,low
0.11819574155475258,0.16350252974976365,0.03404080187242083,0.24828657660257464,medium
0.13862515805154788,0.15530350122144757,0.15228312295224403,0.1493127047650314,medium
0.06306220902325713,0.4074533568828952,0.3232743788808514,0.13002987560002327,high
0.11325149551632735,0.07143682607201322,0.019891996607115783,0.3218406664498801,medium
0.0032601597766579683,0.19638107389322543,0.2017120489797193,0.12276781251945934,medium
0.1300861514079492,0.017698034382529967,0.01847746699209111,0.05300485027376822,low
0.016607357877831404,0.23622334266873407,0.29929654750758167,0.17713897802466944,high
0.23030649808542605,0.007365442978672449,0.016271246642812105,0.017165747274676957,low
0.14399633774302298,0.05894972556932013,0.09264852814633437,0.263903880758373,medium
0.17643233964956895,0.19112675849300367,0.023220882499422293,0.2599510303492263,medium
0.2952917805945443,0.1087997907800497,0.24908489477211912,0.018521445428316907,medium
0.023127122950729447,0.30671796592345296,0.012442346811489476,0.2628209483185125,medium
0.1416368351687366,0.007715490988254208,0.044529253793189456,0.03318287825928349,low
0.03334424732250227,0.19528350796007518,0.320311492792665,0.1346143082472852,medium
0.04880722116702566,0.03552887678120463,0.4312896283990097,0.2825011014147891,high
0.05270003581752767,0.25790834105251326,0.057331676089647586,0.13755057479273722,medium
0.048577570958697636,0.15393242101636406,0.012169163883086883,0.14382510476591087,low
0.15024045480960405,0.04183810070928858,0.028692857690857953,0.08907179841763457,low
0.1575589328175369,0.2806661344961573,0.023293056031125085,0.2795546460389978,high
0.015807769591371198,0.18157975862401296,0.16272475897542601,0.07318650651782124,low
0.020012631330339353,0.09510749036397596,0.18448771645151282,0.07336812841603142,low
0.0667062274194809,0.08055005869451962,0.13685790256761318,0.22171983116052577,medium
0.1254205088358502,0.12455131189278609,0.18538237056794488,0.059601299814510844,low
0.054531444826805935,0.2746042671275734,0.20502358984471872,0.32196494822110866,high
0.10452960560027676,0.1536899998171221,0.20794629239221943,0.14366549876735601,medium
0.1627363572083306,0.3142375704173166,0.022589547014824195,0.33084732776574555,high
0.00016583048686805935,0.03303767029755876,0.013304387144596697,0.11157472156327056,low
0.026931703760610694,0.060447718010127556,0.31115922626479203,0.47538876241054373,high
0.3556531927489661,0.15079998435887412,0.0818686250502898,0.4050721308867177,high
0.07855066152366243,0.14057131557521538,0.14612760100610148,0.34895164755399677,high
0.20012163049397375,0.36170730638829723,0.36137192215063924,0.4770370142116671,high
0.14080377359296656,0.03990861275951531,0.19638719677937783,0.10586528651998406,low
0.23369173965191128,0.14676608179812448,0.033095653862185846,0.21515197439258565,medium
0.0045432829741536085,0.26910285994686267,0.18178919814448996,0.15727962404288667,medium
0.31846358638413125,0.07823616761679442,0.0848218564108883,0.08254259234061592,medium
0.07293936046443213,0.3990501901647907,0.0816442062288747,0.057866787082651985,medium
0.14788424780968243,0.12601386747166776,0.011458879901873682,0.01647800698145594,low
0.281100711907403,0.008398216625125857,0.002768430067166694,0.06631278524955132,low
0.09258769467910943,0.27502146710238273,0.09953234521665487,0.2346363180864055,high
0.021360397388893285,0.04766307746769332,0.008069439214377624,0.21041477710747442,low
0.24618901210118843,0.19303963414182862,0.018414215367448125,0.0291169271497174,low
0.25123311303385565,0.2215185423874095,0.010934288739993858,0.09169310822590716,medium
0.012714554956943246,0.0011834403167021224,0.046130555632093395,0.15379885290716647,low
0.1514689110485554,0.2320916265065683,0.2223546431701478,0.004911124540054934,medium
0.06370679770498996,0.10318986061354549,0.12086060217706808,0.021949401419194176,low
0.22145735942966352,0.05869654237794456,0.35110626281085616,0.06812482725888158,medium
0.04766534391037991,0.10278549467743148,0.002131990581626196,0.007227762979204522,low
0.17632543556653674,0.011415587716779144,0.09520425068001226,0.3540705100043753,medium
0.11999336662345278,0.24864027359581298,0.009515748323026875,0.2628441089333716,medium
0.32746230601375853,0.363395482239651,0.14710152541014646,0.04447266826461164,high
0.009559620645870083,0.13308066379340788,0.3640674764971084,0.264144639265405,high
0.006412732462394846,0.25411046523677927,0.14277881773390083,0.41253861602565933,high
0.023242790198282588,0.012773403783873273,0.3947455565553464,0.05541334500890567,low
0.2027877124982499,0.22292124488954834,0.2634431651235712,0.21402975117633627,high
0.0334462826007725,0.0037713787208530887,0.007362138726140891,0.05862183516449158,low
0.08217159450004732,0.24613117218169958,0.12174739253859414,0.15927884783569002,medium
0.12004154601711238,0.2995049814069913,0.0789277493562719,0.0048093535666826615,medium
0.24581058707271153,0.12693938523140214,0.12404228699960383,0.2080259313690534,high
0.004766718812286149,0.1173749529110763,0.3551181181927715,0.05409343978268755,medium
0.009276892776998186,0.026824293965825828,0.038035175955430704,0.07649041934467794,low
0.002953512978466377,0.025741533254344886,0.2011881240645625,0.11142465825976228,low
0.418460669960994,0.03110670562315472,0.09617253789737636,0.3776205958624729,high
0.09732685399236546,0.16820093792867585,0.10089832475804603,0.03302650271195887,low
0.1097106253232294,0.08705686951277204,0.060803751333139935,0.10978329563337702,low
0.20496228020536295,0.3798326847937497,0.4215862435022862,0.10158660898130023,high
0.03503618643506298,0.18464524510233604,0.16980770575596402,0.09444494285302676,low
0.09611662527449663,0.08282236472830559,0.162024729960097,0.32713652699734685,medium
0.1349471401959418,0.12103878940908999,0.027823415896184672,0.21960730808263568,medium
0.4216748387882515,0.1057080372789077,0.18655515248423304,0.17644422387392072,high
0.030524498643924782,0.08175283162540999,0.050819899284082974,0.23723785016064547,low
0.12488272426121377,0.20683617356930348,0.02583698924757939,0.09909367516978984,low
0.010586056627416601,0.11241357093153125,0.13675791350822347,0.2039703718651537,low
0.06623055921505852,0.30156669294821875,0.004650798313565087,0.22014474387820043,medium
0.10019422205998343,0.19009264793804925,0.02286136527622309,0.15721101443626054,low
0.27700197124186515,0.24161485425627138,0.09863770420560454,0.14046838824964025,high
0.46748169823340824,0.004692540849852388,0.05031732551190563,0.40255916413738635,high
0.04227101189746699,0.2342130550838376,0.4406585859497789,0.019633048830225708,high
0.14687165250953654,0.37729461749929794,0.25695284984023076,0.054775427252145494,high
0.3750294437581063,0.007993566592777477,0.005403772369231439,0.1508112419135058,medium
0.024151515528178076,0.10583772119096081,0.008227623145125214,0.31333201590405,low
0.26905650204482334,0.23591988015698648,0.09860553583979681,0.3048721403679874,high
0.09191282778566956,0.0336888265446666,0.11730910649099612,0.05098654287721567,low
0.03392547834000969,0.23165256390194003,0.1646641042449181,0.02534177696651927,low
0.052064741509753355,0.030927706032461148,0.37431172530829576,0.019907784037298593,low
0.11824042106860508,0.40545088070545304,0.1879467211526144,0.1576325743077753,high
0.11357832298869133,0.032877267459825346,0.07730381855824077,0.03410861755118555,low
0.061408742997013946,0.22942933893491574,0.027147384776187274,0.18152478768966407,low
0.013851007895656122,0.044233358055033464,0.1539864144526363,0.126369342293394,low
0.10885880045355814,0.0021910954968391216,0.2418117637790989,0.28806113391965976,medium
0.4502478949420909,0.07602920577267076,0.01391336939699244,0.0019866168169762424,medium
0.20993224158929966,0.17646038153270757,0.09554807876793965,0.06990500160628173,medium
0.07868832375082171,0.22081263722091682,0.03417147380375951,0.29408505133386154,medium
0.005273181797990897,0.004665738401120051,0.09576246430680795,0.16436917011002383,low
0.2362745757332327,0.0034048391769181566,0.1648920982378755,0.3034394551147047,high
0.16969142765447226,0.11534435030433857,0.3136653373908842,0.08905704269880949,medium
0.0507662682417352,0.3388667902265807,0.018545326887537888,0.12386680844077527,medium
0.14031513450480806,0.06195512328309703,0.06388250107476744,0.1975738398648874,low
0.15628332779900106,0.030053042967563996,0.02716839659416034,0.037661105677818885,low
0.27908853701811936,0.33215277706191554,0.009471985125864295,0.10369977117336374,high
0.10014331668263049,0.05650887810142823,0.15370303153249035,0.15104436361467194,low
0.03955769734268777,0.16013403068585416,0.28588524221451145,0.20175311935356802,medium
0.011235818837140534,0.29066887239541306,0.37703011949730175,0.0680407578056857,high
0.013396141668341372,0.3454133840229671,0.16052503740417184,0.17896923883292876,medium
0.15450648446320037,0.10783002070923844,0.20763667733388616,0.23545328303340735,high
0.07088813619234212,0.054789966619486624,0.24683791990318255,0.08829224436375563,low
0.11961082702211212,0.19065798871763773,0.008873810987388098,0.17231394210028328,low
0.11296338612025358,0.07457773460851967,0.17106196050836509,0.08755812574592688,low
0.2597079275368758,0.014296159440859801,0.10512400765330764,0.3082772056645582,medium
0.3818119401250719,0.001310953099750054,0.26527037632060224,0.46397706014057594,high
0.1855366400775695,0.0416204858430277,0.160399227507959,0.16300396744063372,medium
0.22989527718852684,0.00029369224404465213,0.18141268770943528,0.13425461301454844,medium
0.3673675793794063,0.11529668048765006,0.0717783084082013,0.060635591432765756,medium
0.3043654925376345,0.008846477548713217,0.12024965464794576,0.22183954390785365,medium
0.27083937287748894,0.00014407481118068556,0.12239249113007813,0.282076455518014,medium
0.035761015414282366,0.06312655228705104,0.03545478753226946,0.10947904933411151,low
0.0458004870149243,0.3338025114633779,0.4949009611167415,0.13081364070187979,high
0.03861129585463889,0.05429002841968215,0.07954642548128942,0.36333269345768077,medium
0.0012608411055069302,0.04187413538239229,0.0185050382137267,0.007531412256274184,low
0.14956135801533074,0.2788144199682694,0.13477555174816067,0.15013068332438,high
0.2872298525707811,0.29653709786766086,0.1745807100907205,0.1615523070016584,high
0.19648996365968652,0.06386970954316552,0.07259971124085764,0.18424567464169933,medium
0.2112793088023779,0.013273715088760069,0.06643993108768531,0.33090756745592986,medium
0.030647329798016588,0.012730566822688088,0.2834478954610462,0.07752829969411729,low
0.017162955103848142,0.3681278485630512,0.0123377046722233,0.12314032899514116,medium
0.16961694443131983,0.22852534227007504,0.23291163932897427,0.40951668433985833,high
0.4780017586933137,0.15096284036757873,0.07807537680091033,0.0270502233018803,high
0.03264240550087907,0.010583243046179336,0.020920042988911286,0.1296629584251645,low
0.22022047833648176,0.007430586756679393,0.09333108424536496,0.3159282518387987,medium
0.014330632460231897,0.08593972020431777,0.20414165645291987,0.4198302306584476,high
0.2729507749867534,0.17232069327987837,0.05019936448020673,0.118101383696355,medium
0.005860178868165223,0.08228307080057717,0.22010549903816073,0.0232374553572417,low
0.13157862038717935,0.16452190989331408,0.12741242553189558,0.26775008963350144,medium
0.012605021774133949,0.23365059251400838,0.18292571189766735,0.30269505311655664,high
0.09064485386279389,0.1037182112536956,0.12052654663902918,0.3125512784275572,medium
0.03224979131868438,0.02996072034803593,0.03928296117354966,0.0076162095358003334,low
0.32982158280206625,0.014194449216936545,0.03526929158797639,0.18741037768788818,medium
0.0818087981753957,0.2231966240487414,0.05050495293243319,0.1691921623764322,medium
0.054645871703318014,3.575205680915905e-05,0.025691476983861816,0.15968125957987683,low
0.00999680663749652,0.0103465576925861,0.07151427345445287,0.2874339622792038,low
0.37211433753812734,0.39252523230377906,0.15533004223273972,0.14090720273547944,high
0.09049741632331462,0.0027915187183670817,0.07536728404841235,0.3120366254780205,low
0.19869098036168872,0.2953048209416357,0.006778924976805329,0.04996954018578165,medium
0.24429687671281544,0.14204036899052794,0.05834090598903058,0.05420047833165449,low
0.2713314790001502,0.027326543114125378,0.2708048175767806,0.16164646896012064,high
0.05269717014456096,0.25811528496022695,0.1129070782374711,0.32834744492427226,high
0.10913315594322284,0.3061099000824021,0.36079123681908437,0.16411235762340873,high
0.09964571685483571,0.16374809586892175,0.027800634003188537,0.44177883288651715,high
0.3753946723226747,0.030097526175192076,0.10388951857639084,0.08387039056804348,medium
0.2902125589295836,0.18602690180810993,0.14881041126466235,0.237395738829611,high
0.035320229084321635,0.061874702781087663,0.011111618811444372,0.48372002044947604,medium
0.1961635867844828,0.00834990372701627,0.0016442988816996352,0.42238399993084147,medium
0.1699802750073518,0.005682726991652435,0.013424875933958538,0.28004573683662826,low
0.16492496323231276,0.1890708786911885,0.05441918049381841,0.10529849672362063,medium
0.09276123886611114,0.29669653905675997,0.13707873890084132,0.15648328754713695,medium
0.05526649432031514,0.21590271108537765,0.29345987662600254,0.1627654114385911,high
0.034417448944681496,0.22303482628038473,0.10899610183141713,0.3203476807248893,medium
0.007214901365351658,0.09202120210487287,0.04116795081873735,0.05038866949294818,low
0.014823973671522644,0.03333088760086643,0.024773580789671235,0.01345553475049921,low
0.18360363704226804,0.02011408289545152,0.08272131384040864,0.2340259698333036,medium
0.4714476351198901,0.13610071835963738,0.08300877910859254,0.07881448960173662,high
0.03169687871574506,0.18817526213036362,0.044783100663304015,0.02217762476073328,low
0.13405277738976557,0.008858466722872549,0.10151646243690243,0.0126260129458385,low
0.01730797236015694,0.17129967891206527,0.16390663410084727,0.3276230539028999,medium
0.1728768570053138,0.002677146455013028,0.03451390741571088,0.11926146634036575,low
0.1933595080653289,0.1204931333060621,0.32947554594272827,0.06534708795973028,high
0.08987329746503295,0.02289123804716325,0.1461130476060593,0.09624342682956438,low
0.10678060575994028,0.05020286015067899,0.27353407923326484,0.14468690697664635,medium
0.022247401291593694,0.24596553238929536,0.04208717853881537,0.11050478196973912,low
0.23975525898702085,0.23118252558741695,0.07942277779091722,0.02178047095309793,medium
0.13122503202547112,0.13057338026573256,0.30671788443934433,0.19227112468007157,high
0.008264594447604004,0.08483752233076722,0.004119012648183978,0.09962930998909428,low
0.4173929347875159,0.26288553689350946,0.06719259147532244,0.19637381827739908,high
0.13699676440335654,0.0025732270904947584,0.1083361402738821,0.17847139428754943,low
0.06029924853907755,0.2780547660716998,0.027208932404945603,0.0010557056303861314,low
0.1466888149920737,0.04682937671554519,0.02188877366979004,0.4156314059815528,medium
0.24733944337771963,0.04639428818193289,0.32665082398277195,0.07295410361850392,medium
0.2228331647731872,0.029898890846470502,0.008956684100781322,0.2216692333569881,low
0.08064485592711304,0.17892893939218477,0.06343551150009337,0.04633881317181522,low
0.26624078448295063,0.14950381290986334,0.02381371018277778,0.3132538114585405,high
0.05050028857853574,0.021506438105649353,0.3187375256946533,0.005659240075492955,low
0.1648728536795202,0.2844566546974214,0.27707727456260905,0.2856797999156934,high
0.019163505273815298,0.060620563477858984,0.3707903460421937,0.1076306389412045,medium
0.057140822405522936,0.016108692146412196,0.038829621373518655,0.15309623268733835,low
0.034118274043176425,0.020373172029178217,0.059468202012498306,0.24762411275173551,low
0.010182712844593959,0.040033384699504536,0.011341454874791481,0.09386379270867425,low
0.29604302084146944,0.05691869090158235,0.018031940509631736,0.2153172947190985,medium
0.31034176060935975,0.10544874093408192,0.3972030097220057,0.43861983405636057,high
0.36152388501016997,0.02270697342911887,0.3704913774249563,0.007736346681317785,high
0.34577253340911185,0.08051752689104788,0.21803427819384377,0.39711098792065136,high
0.3348897498108916,0.10696777649313666,0.00529038824089448,0.16084058054727982,medium
0.06200526137888043,0.15168795821666828,0.06333185916101354,0.26591949330909853,medium
0.15448251297801333,0.14228299088571117,0.003208160093347584,0.07042200940359378,low
0.023408785387214852,0.036957356994328804,0.22858783572607125,0.45515202382404024,high
0.07954431887846429,0.0335963214556076,0.014186685275154537,0.039377074000582504,low
0.2463647861332281,0.13833841028143432,0.014620001399810857,0.20488860535337677,medium
0.1439863133076816,0.07643390752450965,0.057750554616423665,0.02438481912067625,low
0.023908035556234865,0.08838185168845558,0.052950135663257125,0.18223864825190728,low
0.043746351134318164,0.32471191819717143,0.03250917008322887,0.16892113547783827,medium
0.20187155421072908,0.20635851681465156,0.08016985345688427,0.27129563368972687,high
0.14956340102346488,0.024028296544421467,0.01705189383382041,0.05068634432509578,low
0.04295397587208615,0.0046126902512053335,0.10551767667104259,0.34798621031922083,medium
0.05875812131288567,0.048763818731461246,0.04209950457224297,0.3193284509531417,low
0.02837861807389228,0.14477545728111108,0.051682184901852855,0.03400613946681824,low
0.18635274535175367,0.20838960404906093,0.012958752881297409,0.1293849557230789,medium
0.2989702872067088,0.14621203366231308,0.10400724603742494,0.008274748304949545,medium
0.054856511495317395,0.060679003335656165,0.05756530391642512,0.1790829071819853,low
0.2517337836537861,0.06416326064073755,0.2434254450156786,0.021273816343496194,medium
0.14037615098880415,0.4114740292741327,0.22204826351945423,0.11298237728480033,high
0.16146267311136148,0.22181057385840705,0.1078933635898026,0.04104769483080798,medium
0.09477946563711126,0.004912016018196586,0.2993166029289179,0.0341117636096719,low
0.28334155190138827,0.010727660043548748,0.06983055854817896,0.015686298004216576,low
0.00831884552025135,0.0166941253465988,0.1026232075087338,0.26347480313755794,low
0.10784821764889922,0.10721943393614267,0.008493534218646404,0.33254029525508616,medium
0.007000075573536983,0.015870968233965378,0.009009992029393038,0.0902135127385765,low
0.020546245910012546,0.23847560127296824,0.39556628349079853,0.01819904049417409,medium
0.03726856263088236,0.08571057864854453,0.11346207651353828,0.4197570606017033,medium
0.24742097254696263,0.26112960648266575,0.0024106435446902253,0.13050990238216115,medium
0.0052953873208864445,0.0660191095884897,0.11693576473079188,0.0021573592510835864,low
0.06326968008190269,0.3181841941360499,0.002314037304533816,0.0855116626423113,low
0.1394711166013662,0.3090881725250128,0.08442310935566316,0.15990911458951623,medium
0.29620071348404026,0.19874049590449186,0.45867547892209726,0.13309360370562287,high
0.20939004430634386,0.3113082145479337,0.035807577490231265,0.25245687483293966,high
0.12202041423532667,0.013422869491026604,0.00767921236968418,0.14355404489893459,low
0.061927675745681164,0.009268310796679698,0.08517387917647262,0.3045234670304393,low
0.38565939335792593,0.05960832097104722,0.282559695643135,0.024185378965825656,high
0.3617256982089711,0.14271127551347373,0.029864521543486483,0.13067347098199783,medium
0.007757252098756781,0.0548465702854977,0.012644006304572283,0.2877497839264705,low
0.07970321192178702,0.3371542319009347,0.10399012413346112,0.35391881550874643,high
0.0884451473045611,0.14431321456524793,0.10562903784765006,0.4975218084862979,high
0.26260108227650397,0.045390161211676106,0.034244794659377964,0.10477975178692314,low
0.14316931704075456,0.033698734828726776,0.17616917001153604,0.311146043897613,medium
0.14158572638820105,0.08629761874966413,0.10581231340134208,0.15532637840981164,low
0.25391443207922837,0.04654850505569274,0.08645964734009033,0.01727767785552873,low
0.028159787007858535,0.24022428026789885,0.1294281041509163,0.23704220453410396,medium
0.09587203383462278,0.1470265234576669,0.006798717868964628,0.09336808342058239,low
0.04656994553686038,0.4736856572434358,0.24874862719330176,0.030271523480287516,high
0.17860928571794388,0.25944469890847405,0.10597710869771386,0.3368687575461956,high
0.014411308637873653,0.07049199442003005,0.28613988451747385,0.237748332232883,medium
0.005260762242846707,0.34606356903174185,0.08423133463217813,0.2466580509400263,medium
0.22197138884390497,0.16227582943638064,0.009052365893128104,0.08207597838611186,low
0.014247880571056748,0.0069489527817024384,0.218382951639445,0.2880895505065141,medium
0.07102710320915051,0.04881614095204473,0.030204582937002247,0.09424868599510736,low
0.07784086846702762,0.026230684537799837,0.31710264021265927,0.14900704485373112,medium
0.17585088414581865,0.05336996706764289,0.12933757727757564,0.4434043022339532,high
0.017234975981994426,0.16392897356300806,0.019092858460222066,0.2775410549968233,low
0.020931224796728758,0.02614362545704869,0.052275987613051224,0.36336053404665913,low
0.11133281353210285,0.010686901093357666,0.11335478214820194,0.013051846834592798,low
0.2502279104362777,0.014053108522192869,0.004934678056631459,0.05721381131312114,low
0.09232506797409351,0.009401009425694775,0.124917429844513,0.002154215536917914,low
0.244928869984861,0.024198417362326273,0.4268118716393107,0.3016838673767014,high
0.09647134416392487,0.017486824183546426,0.07214362978324393,0.08312136506339281,low
0.24607679661943338,0.0908392024700521,0.1835890021660846,0.20187364664463464,high
0.11675723849116755,0.08687577556145062,0.08306676150983161,0.046590777713506726,low
0.05422885540845252,0.009937628785465646,0.027967696492029584,0.4357461610028323,medium
0.018028507432933962,0.14419532486744374,0.03385636676972416,0.03187963523197138,low
0.11004568257856642,0.013443287401548404,0.27503013944285004,0.4008602609074917,high
0.18353394202650364,0.04047523454962174,0.2970705052750551,0.14655434373518483,medium
0.07015574506131915,0.0009840813182036684,0.015751874838978514,0.07884925305199775,low
0.16552847554192224,0.04424935939293152,0.3572151915513437,0.41785845592049886,high
0.1356266962973766,0.19791429539392616,0.14603732996471272,0.01701039364503143,low
0.2550351818895801,0.10896691768608635,0.05506725587909344,0.013589010957221759,low
0.007497585917748007,0.05073394789288334,0.04088081211780255,0.13724634544277647,low
0.11550514171136612,0.0015905048653161418,0.1634559041146674,0.13171355086838,low
0.0006335891225784541,0.009587547638238969,0.2643812607852067,0.020214246725677343,low
0.03482651212976212,0.23816792021377134,0.059578270476326536,0.04245847925129196,low
0.012328450949514493,0.00890911370348121,0.04248432307413088,0.04258689686620916,low
0.19729756839297646,0.023279222791575103,0.0825343208890066,0.07963525692437681,low
0.015281822622056481,0.2975159822967568,0.09510219329287486,0.25891664444335194,medium
0.07308345411695842,0.17725923955478545,0.10509756402015727,0.24162537599729556,medium
0.13757613953784398,0.22553459191610045,0.0006939991711580729,0.00487526714339174,low
0.02164385650462127,0.1535265475529405,0.004011204705197458,0.061949794745161046,low
0.3779695696026457,0.04449072941007547,0.2635099089737024,0.13891495870169637,high
0.33970077830935286,0.03253674038467809,0.12303416754574316,0.08579472656773005,medium
0.08077076057505396,0.027257324796347716,0.07338090196396824,0.2682222627234067,low
0.09441931261696168,0.11790747470275487,0.39436671563521336,0.40064330674659576,high
0.1951129906123031,0.06498133953454244,0.1791013290726914,0.11197244444268595,medium
0.3345218704414598,0.08650621105839058,0.06297114591344634,0.07098936903667497,medium
0.325428517274961,0.10974287715817399,0.05994212734143582,0.047270613541434914,medium
0.20540304630637915,0.12590508447721604,0.03646551697843783,0.3343576124323186,high
0.261789503670147,0.13175080000035086,0.11927198005193873,0.1277393883330738,medium
0.002559558789791483,0.22749331535616008,0.03856521235535761,0.14753917870858663,low
0.025029895421139318,0.0037131131543292504,0.3799267824880894,0.2686674541105515,medium
0.04476565538091001,0.003993634736794616,0.08592951579631612,0.05248660640112222,low
0.0489660215119223,0.3498432322059098,0.381574942223622,0.3999105061197955,high
0.02629426105226219,0.11231380105076373,0.47416727877434106,0.2783692747929116,high
0.2084115239280714,0.11634136913231694,0.2169171762525066,0.08320723278393749,medium
0.0356125445408567,0.0755753393674939,0.014682800620696004,0.23790055951061578,low
0.006611865563513982,0.1428745983231743,0.17810908795113245,0.22698061012135456,medium
0.15688150874480528,0.11676238673921481,0.1810538170083379,0.22611155855505766,medium
0.15538030826825538,0.41019363568173683,0.4080169748301069,0.47598210324718365,high
0.02063127332078272,0.06997686994750317,0.04160604777151182,0.26130332785082766,low
0.12616405853528306,0.04156268258510593,0.13207744329884874,0.2800035087726106,medium
0.08792704696741778,0.12405664028102373,0.03730833577670197,0.22099196722440045,low
0.02388301817148319,0.11315355976108768,0.08425214885856858,0.038860458783425145,low
0.024493657997242478,0.11616182588543761,0.16158867418311149,0.06735848596790384,low
0.02293710190155544,0.0533560921315289,0.26843230402857526,0.3340473487634346,medium
0.429212649789538,0.11497067148496981,0.15765444144052893,0.14220419974439014,high
0.08138876385445094,0.2815056526409155,0.035913859127298844,0.26133322087896704,medium
0.0752509938306443,0.0867445273297555,0.026799822610239294,0.04801138664598616,low
0.11699181717830026,0.36387822985307805,0.01830763905653562,0.49918862305863254,high
0.028638959856028864,0.005653088499234639,0.05475598774647997,0.11647754906410203,low
0.07905691351983789,0.0039386783787849905,0.009160106651318516,0.21910234206204127,low
0.2088558732222457,0.07715713116669287,0.3788552910328822,0.1256310011716588,high
0.30863682477927407,0.3599004321007806,0.10268802912590733,0.08777550531846348,high
0.23261482130666933,0.011466061462336613,0.15013925601869957,0.009680716022230602,low
0.11214356856568258,0.06957482061006517,0.09100271469822928,0.19186946828247659,low
0.09042323055770088,0.302660991138084,0.05854661270864311,0.1054858190602423,medium
0.05233697431820686,0.10610664498115926,0.0076533261489856695,0.11704292898020538,low
0.02461045031611505,0.3480382679507715,0.024601253558062367,0.19298588229104563,medium
0.3505455437220525,0.04600913854119638,0.0392921946050824,0.25299505185178794,medium
0.06622106428804712,0.2967274409048131,0.17186090255625924,0.1339296385269534,medium
0.09104733438799559,0.025834206303632246,0.1828432306841058,0.25854220464348,medium
0.010821023709058799,0.03355564629502657,0.25985922106969733,0.11156075580771063,low
0.013375462616640734,0.06258966603569195,0.0005583836369441309,0.13789377877955045,low
0.01926979328091127,0.21472283722187258,0.06569422955079744,0.029397959554380994,low
0.12385616428431205,0.0918242064098899,0.3338932735841981,0.15221779581413225,high
0.0695603036265218,0.11920493084493716,0.20394911095941926,0.21596662272129774,medium
0.14717596122412993,0.0031762650343717326,0.06292115771797528,0.01909474092398585,low
0.061157570913494316,0.24489299311989512,0.2704178321442877,0.07829129937657944,medium
0.12324987483141596,0.06417816108812874,0.00892978292199518,0.025591569333454744,low
0.043886582882657725,0.04061222462360554,0.27922059138148525,0.25252262074566045,medium
0.0027058360178606796,0.002301528721502979,0.036971617491658136,0.0018208607787533377,low
0.10609910791990378,0.26304633296640334,0.13162547426640087,0.2327865168357378,high
0.2087434648510147,0.08817136145069022,0.007850446995437273,0.4104521675946566,high
0.05989131334742827,0.22437446687665066,0.20069214841537342,0.06976377095077542,medium
0.0008492542135623494,0.012068554817670597,0.10393177409189752,0.05268003471872003,low
0.1083646113259476,0.026476249046607014,0.09793419933178335,0.07815483342563835,low
0.3934551673578479,0.022537131321342184,0.05268354910922302,0.012696171375906968,low
0.10218084266274911,0.014787671084182974,0.03192629477384888,0.46899321975285035,medium
0.1537421982837438,0.04692501192595615,0.029996951953429163,0.07440000593541192,low
0.4651687749513828,0.02162012949879319,0.13346656319081254,0.2062290559165621,high
0.31809960236908263,0.0443221183651841,0.19383107457786275,0.0037859912103588855,medium
0.2654490203482844,0.055452250050086346,0.1951868607668017,0.02980226099046875,medium
0.11880908451361921,0.18276050024459184,0.026360677790096276,0.08355884739917899,low
0.26873862698614476,0.014051985848453253,0.16550432472556723,0.060181240100192525,medium
0.028885296523768297,0.01431733501995549,0.007382741724876835,0.057783312299913216,low
0.05730132148049716,0.09161880990930435,0.30622086988869973,0.23356685512354186,medium
0.03587605215442704,0.4645642469410023,0.0660395199677329,0.08268850985801092,medium
0.006115730161818016,0.09116138333058606,0.04721911602514393,0.1622915277776148,low
0.10566445969411645,0.20841706935365714,0.16103806027838585,0.3250600859860067,high
0.061849586386976525,0.4126915063639257,0.051604582034262464,0.010647099368243465,medium
0.1275459991817533,0.10607190032051604,0.012143078038385866,0.12207863257695756,low
0.17803740702874682,0.2713054996446768,0.01675502029042097,0.13561264705931997,medium
0.07337988860619198,0.07798482952366109,0.027401922072474442,0.15820388142410877,low
0.18414554929540478,0.07206293161975581,0.405347738158689,0.27895886141850096,high
0.02051163790293494,0.21761084154380178,0.24426843254585878,0.10248442793825313,medium
0.0012619797847430807,0.3537276747770425,0.27536711838383726,0.006712008658244136,medium
0.11457456333223445,0.09609319785337654,0.05714593521766787,0.002930164907033868,low
0.15380792242175328,0.02739866933833294,0.27970289585055114,0.26327998788199675,high
0.019550370613246302,0.04105060847219121,0.193611230264398,0.07164707465433676,low
0.026760941624538483,0.003100530866357676,0.007542771374747917,0.0959046482303025,low
0.22745890713332767,0.3408668176219763,0.05708970752760442,0.2766814714997022,high
0.3658401478813244,0.16729535042813912,0.05766014463758608,0.16915151331607609,high
0.3499578416544422,0.0995644101556745,0.3720568465079993,0.026273604609286738,high
0.015778567502692097,0.019945736675968023,0.2506239808835107,0.04413050156126504,low
0.05590514546866699,0.10552068722549705,0.1802584416726495,0.24179524628838983,medium
0.04282615372737392,0.04093664868857165,0.2907175537440015,0.06821265234609515,low
0.341921237516922,0.008831266106977329,0.09821634038258793,0.3131711508482293,high
0.01797577008688803,0.0007616969817582476,0.1142257115942559,0.10788221788072869,low
0.08848986069413262,0.018659575021888357,0.11040669927231432,0.10550977600075731,low
0.014962154943351548,0.04281316470099401,0.23813439842331735,0.25919058852074917,medium
0.22730252499868372,0.029051764514207865,0.029428338989207065,0.22066706105016182,medium
0.127569629931798,0.03590718929910771,0.09583414956084363,0.0527797480777063,low
0.21224321846853628,0.054970438500041796,0.0776131827009961,0.1079082182269789,low
0.06085584631223917,0.05352065169855294,0.009641142261123456,0.13738038570499078,low
0.013260740716773408,0.3187124025649544,0.1565986667114843,0.041234652630237456,medium
0.07627701249759612,0.2583023620497196,0.11719515212545178,0.09400914875504746,medium
0.09812247889841923,0.35610110896510067,0.0940707551537023,0.31522844010814577,high
0.1017183186883183,0.007645245037333138,0.1832101105940995,0.2507230275230597,medium
0.04580865072281117,0.06452786025383463,0.06111781411610594,0.21230497279057842,low
0.1388529407337573,0.008493878838623748,0.00333228015443879,0.09185803467837966,low
0.09020755338379,0.05107113665126479,0.19177126296016506,0.256483981768153,medium
0.10571276609162461,0.40326120384928793,0.009501238625239628,0.02454400640134924,medium
0.06661513070500921,0.05351802297980668,0.01365845256030185,0.32082536431119446,low
0.026043137509005377,0.06777602610949429,0.11403965155009314,0.28547043836811004,low
0.02541353001346779,0.00975234132600547,0.05349319329457191,0.07020209520428818,low
0.030172938312963256,0.031196062667849224,0.027927086286711478,0.3997126799443726,low
0.2211191395092962,0.048766804377447445,0.21854111652885602,0.3403244598101667,high
0.012201363385339975,0.24792695736477202,0.07869412027937833,0.1785883112571397,medium
0.026175577956122402,0.02276131541137937,0.022447402001757093,0.26865713043499495,low
0.09144952826570682,0.1736640694150254,0.23543641921943728,0.08527901185263953,medium
0.25145172336793503,0.3781108087147062,0.0669776736923988,0.1909901680944569,high
0.3189390060884089,0.07749658923636314,0.2602004259955105,0.029089409631158913,medium
0.20904658559673886,0.07606525983246366,0.018451974179790824,0.11290172970332037,low
0.2381323074355807,0.17641274805803336,0.19258740121431112,0.08658471691068349,medium
0.018117815177663855,0.11395296789971646,0.0933779063036357,0.10375398539374348,low
0.056021176980082854,0.011367827792322257,0.21854388345175055,0.32090950930471157,medium
0.02974966020492196,0.00206558044731894,0.05363460648644208,0.05303144504081732,low
0.1559941618255772,0.0926536923920779,0.19714328352340157,0.1952376229859143,medium
0.014342030986462065,0.07913964497459482,0.17760193842438746,0.09135497489215064,low
0.3267527577486241,0.05286559987783559,0.044038350195408596,0.060927190012406054,low
0.11540027594977241,0.0017094975238215698,0.061614359876588344,0.43464965049639076,medium
0.015902217559239984,0.0384137070696256,0.11616515161999712,0.187594435644929,low
0.03319009048939791,0.20147285169482979,0.26220205489899634,0.07118206393808005,medium
0.013449951757862103,0.08538077458585792,0.22602039298184437,0.20117955221576755,medium
0.06632373593582137,0.10240096933664934,0.257955273368498,0.09378414802620767,medium
0.2400336147123414,0.21516381271322452,0.09988876231261413,0.040088913569491805,medium
0.032354558404331844,0.12943326206292383,0.1605124211045787,0.16410210509294157,low
0.10350171010428197,0.09866803994003462,0.03691567841858584,0.3703641197893925,medium
0.18478146463906636,0.40220952749979044,0.17947704167149614,0.06377288334687009,high
0.2462103551075481,0.1486551022937157,0.05140503130184321,0.29223790542993233,high
0.4876253820657538,0.10015623170322618,0.028185322414084737,0.08334513260941712,medium
0.042001839916639666,0.0038218137448170287,0.07698765736709993,0.3306958389945393,low
0.03197424026138907,0.2918374996779046,0.06372429029404147,0.132843824001902,medium
0.2820501422054851,0.10718248431764348,0.15397478579365662,0.039320652897437726,medium
0.13809158712602052,0.09907960113865083,0.13766286368212918,0.05744768258922356,low
0.487767802870891,0.19773901238055458,0.14801303134316174,0.041396415851994606,high
0.0356584084158392,0.2321925406268618,0.29763122295137534,0.014183490280878397,medium
0.1680684014766722,0.10814343590442609,0.05543740840850397,0.07328437025428736,low
0.352191421813781,0.0890336689749904,0.07919935637472597,0.19801991155431115,high
0.17613365938588618,0.21134957222361742,0.03364696602910552,0.14434059739405125,medium
0.2429176887801827,0.022405738042869477,0.06242821204716255,0.10475198295044491,low
0.11408027720813863,0.24116343108798996,0.02241027436771465,0.10101825652646101,low
0.25567277939411737,0.010332402527397842,0.08644867200492724,0.28964387548590903,medium
0.014206354406435093,0.18141856100483267,0.18540730613806106,0.01200151120938501,low
0.4744125272560693,0.03524015888056564,0.1494045956036501,0.2806089471605677,high
0.3133093771086558,0.04316882736980875,0.1266647919267983,0.2414956316456769,high
0.06506700376739434,0.06817643849865833,0.0015146169782605623,0.13028198383738987,low
0.11571653859955021,0.2326048249290584,0.07184246869878638,0.12079257067979338,medium
0.0878378093835317,0.02949179318927273,0.08351710816816636,0.31852975493623437,medium
0.028901822403337777,0.23708172844084993,0.3478492932138462,0.3211437080341843,high
0.038000262798527445,0.06338801939037807,0.01417644590607366,0.1652257831760564,low
0.2871304673310271,0.13595360617929553,0.018558194389137393,0.12964382168537186,medium
0.37909795463269774,0.029384693772802267,0.0509065123025595,0.15522457659317795,medium
0.07659418580007996,0.07146455231715265,0.299935640797933,0.12226273115290631,medium
0.04922244792624837,0.08288629982340363,0.06616153853808557,0.21983580286245974,low
0.13370612741770044,0.021208631566344293,0.14809825595005505,0.066895027047839,low
0.14903514727276335,0.21596719796760933,0.030371181020018678,0.13246983036580995,medium
0.18085007336996803,0.09421217964835772,0.021101804221615502,0.3029161701426407,medium
0.008165726486596366,0.030129419933029786,0.029739416692741823,0.15243374375531432,low
0.06786374696465383,0.18274377541708473,0.10631366831126021,0.15194784315053095,medium
0.033322061991158454,0.11602551815193442,0.1118672972643724,0.12523886299271697,low
0.11304467936511194,0.032295840124623096,0.23224157491226197,0.32350180377673055,high
0.09940053029731455,0.1212718120562915,0.30027960069761667,0.12272400360999071,medium
0.01949708365584034,0.10371133622895856,0.06436519524346594,0.47848944036588825,medium
0.20381593275267718,0.05095263829325172,0.03105320539708296,0.13867792545918772,low
0.03605247485432977,0.3954252633130834,0.45715915732815626,0.12445361901037151,high
0.03531308925655978,0.1820717702423279,0.1542994810808111,0.15151256910571986,medium
0.06835398400959418,0.31342840241317343,0.00445451400875615,0.29383283104376556,medium
0.1395763936060986,0.05156077511147861,0.12493866358047254,0.34189574215992863,medium
0.039799524726761765,0.4308993872135247,0.07391414633866775,0.23208335743690178,high
0.0013623128809542029,0.048894194858359566,0.06910177317546318,0.43110710683666853,medium
0.3368519753260891,0.01613021902407212,0.08296682854147742,0.07398038267122053,medium
0.24999457035713923,0.4557189807891898,0.03627139737235124,0.3713270696732941,high
0.0640365643902591,0.09825387042224873,0.44421773154854655,0.1397289699783723,high
0.06368313792201463,0.001327553332882877,0.11797412141014282,0.12777870053394674,low
0.33567225242030263,0.037238275527878305,0.2937122512843971,0.30602206755780736,high
0.07729265319715728,0.1547275653112354,0.2529575852679887,0.14854665408113588,medium
0.24708642649290852,0.09738670025035762,0.26186942498069377,0.1613084536405949,high
0.07556150111958473,0.07425834239280014,0.13117829128351752,0.10859401022520533,low
0.020312145040038438,0.33316137458823614,0.39678357790035,0.07713997955455629,high
0.0701963844749316,0.058714557980761625,0.08315295445004144,0.1283587377570325,low
0.05059283691277002,0.15326605988561834,0.004588010660833443,0.08660640407736103,low
0.12064359904513035,0.22665696904387386,0.1622316401490598,0.11872174479874542,medium
0.07611600328067648,0.16382125790753824,0.18205029307967505,0.13762918803523844,medium
0.01671685969911001,0.07020465951069531,0.0013575114703452762,0.016239357178995308,low
0.07483918686843435,0.14808669539916589,0.33469199643056224,0.11786955891390379,medium
0.12895164078980761,0.02078552623907124,0.049551758298143775,0.024497403701993492,low
0.034070909572816166,0.0019811878043923675,0.03208016808794991,0.4820538680159648,medium
